,Datetime,Tweet Id,Text,Username
0,2022-03-09 16:18:06+00:00,1501593177618546690,"‡§â‡§§‡•ç‡§§‡§∞ ‡§™‡•ç‡§∞‡§¶‡•á‡§∂ ‡§î‡§∞ ‡§™‡§Ç‡§ú‡§æ‡§¨ ‡§ï‡•á ‡§ö‡•Å‡§®‡§æ‡§µ‡•Ä ‡§®‡§§‡•Ä‡§ú‡•ã‡§Ç ‡§∏‡•á ‡§≠‡§æ‡§∞‡§§ ‡§ï‡•Ä ‡§∞‡§æ‡§ú‡§®‡•Ä‡§§‡§ø ‡§™‡§∞ ‡§ï‡•ç‡§Ø‡§æ ‡§Ö‡§∏‡§∞ ‡§π‡•ã‡§ó‡§æ, ‡§Ü‡§ú ‡§ï‡•á Koo Studio ‡§ö‡•Å‡§®‡§æ‡§µ‡•Ä ‡§π‡§≤‡§ö‡§≤ ‡§Æ‡•á‡§Ç ‡§¶‡•á‡§ñ‡§ø‡§è ‡§á‡§∏ ‡§µ‡§ø‡§∑‡§Ø ‡§™‡§∞ ‡§ñ‡§æ‡§∏ ‡§µ‡§ø‡§∂‡•ç‡§≤‡•á‡§∑‡§£- https://t.co/rI9zCobioA 

#KooStudio #VidhanSabhaElectionsAnalysis #KooStudioOnJagran #StateElections2022 @pratyush_ranjan",JagranNews
1,2022-03-09 11:38:58+00:00,1501522931486179334,"UP me ye chal raha ‚òùü§ì
#stateelections2022 #UPElection2022 https://t.co/82QY1iEEIc",atulsinghji
2,2022-03-09 11:21:43+00:00,1501518590545051648,"Koo Studio ‡§ö‡•Å‡§®‡§æ‡§µ‡•Ä ‡§π‡§≤‡§ö‡§≤- ‡§â‡§§‡•ç‡§§‡§∞ ‡§™‡•ç‡§∞‡§¶‡•á‡§∂ ‡§µ ‡§™‡§Ç‡§ú‡§æ‡§¨ ‡§ï‡•á ‡§ö‡•Å‡§®‡§æ‡§µ ‡§ï‡•à‡§∏‡•á ‡§ï‡§∞‡•á‡§Ç‡§ó‡•á ‡§¶‡•á‡§∂ ‡§ï‡•Ä ‡§∞‡§æ‡§ú‡§®‡•Ä‡§§‡§ø ‡§ï‡•ã ‡§™‡•ç‡§∞‡§≠‡§æ‡§µ‡§ø‡§§ 
‡§¶‡•á‡§ñ‡•á‡§Ç ‡§Ü‡§ú ‡§∂‡§æ‡§Æ 6 ‡§¨‡§ú‡•á Live

#KooStudio #KooStudioOnJagran #VidhanSabhaElectionsAnalysis #StateElections2022 @pratyush_ranjan https://t.co/N3OAU1Az2A",JagranNews
3,2022-03-08 17:18:49+00:00,1501246068029222915,"‡§Ü‡§ú ‡§ï‡•á Koo Studio ‡§§‡§∞‡•ç‡§ï ‡§µ‡§ø‡§§‡§∞‡•ç‡§ï ‡§ï‡§æ‡§∞‡•ç‡§Ø‡§ï‡•ç‡§∞‡§Æ ‡§Æ‡•á‡§Ç ‡§µ‡§ø‡§ß‡§æ‡§®‡§∏‡§≠‡§æ ‡§ö‡•Å‡§®‡§æ‡§µ ‡§î‡§∞ ‡§è‡§ó‡•ç‡§ú‡§ø‡§ü ‡§™‡•ã‡§≤ ‡§ï‡•Ä ‡§ú‡§Æ‡•Ä‡§®‡•Ä ‡§π‡§ï‡•Ä‡§ï‡§§ ‡§ï‡§æ ‡§è‡§ï‡•ç‡§∏‡§™‡§∞‡•ç‡§ü ‡§®‡•á ‡§µ‡§ø‡§∂‡•ç‡§≤‡•á‡§∑‡§£ ‡§ï‡§ø‡§Ø‡§æ ‡§π‡•à‡•§ ‡§Ü‡§™ ‡§≠‡•Ä ‡§¶‡•á‡§ñ‡•á‡§Ç ‡§Ø‡§π ‡§µ‡•Ä‡§°‡§ø‡§Ø‡•ã‡•§

#KooStudio #KooStudioOnJagran #VidhanSabhaElectionsAnalysis #StateElections2022 @pratyush_ranjan

https://t.co/XYubDiP3gl",JagranNews
4,2022-03-08 16:06:58+00:00,1501227988972556295,"‡§Ü‡§ú ‡§ï‡•á Koo Studio ‡§ö‡•Å‡§®‡§æ‡§µ‡•Ä ‡§π‡§≤‡§ö‡§≤ ‡§Æ‡•á‡§Ç ‡§¶‡•á‡§ñ‡§ø‡§è ‡§è‡§ó‡•ç‡§ú‡§ø‡§ü ‡§™‡•ã‡§≤ ‡§ï‡•Ä ‡§∏‡§ö‡•ç‡§ö‡§æ‡§à ‡§î‡§∞ ‡§á‡§∏‡§ï‡•á ‡§Æ‡§æ‡§Ø‡§®‡•á‡•§ ‡§∏‡§æ‡§• ‡§π‡•Ä ‡§Æ‡•á‡§Ç ‡§Ü‡§™ ‡§¶‡•á‡§ñ‡•á‡§Ç‡§ó‡•á ‡§µ‡§ø‡§ß‡§æ‡§®‡§∏‡§≠‡§æ ‡§ö‡•Å‡§®‡§æ‡§µ 2022 ‡§ï‡§æ ‡§µ‡§ø‡§∏‡•ç‡§§‡§æ‡§∞ ‡§∏‡•á ‡§µ‡§ø‡§∂‡•ç‡§≤‡•á‡§∑‡§£‡•§

#KooStudio @pratyush_ranjan #VidhanSabhaElectionsAnalysis #KooStudioOnJagran #StateElections2022

https://t.co/WdgK3TbmLb",JagranNews
5,2022-03-08 09:42:01+00:00,1501131113531834371,"Koo Studio | ‡§ö‡•Å‡§®‡§æ‡§µ‡•Ä ‡§π‡§≤‡§ö‡§≤ | ‡§µ‡§ø‡§ß‡§æ‡§®‡§∏‡§≠‡§æ ‡§ö‡•Å‡§®‡§æ‡§µ‡•ã‡§Ç ‡§ï‡•á ‡§è‡§ó‡•ç‡§ú‡§ø‡§ü ‡§™‡•ã‡§≤ ‡§ï‡§æ ‡§∏‡§ü‡•Ä‡§ï ‡§µ‡§ø‡§∂‡•ç‡§≤‡•á‡§∑‡§£

‡§¶‡•á‡§ñ‡•á‡§Ç ‡§Ü‡§ú ‡§∂‡§æ‡§Æ 6 ‡§¨‡§ú‡•á Koo Studio ‡§™‡§∞ Live

#KooStudio #KooStudioOnJagran #VidhanSabhaElectionsAnalysis #StateElections2022 @pratyush_ranjan https://t.co/nWrSBAZxDH",JagranNews
6,2022-03-08 03:53:18+00:00,1501043353601060867,"#StateElections2022 | The exit polls for state elections show a clean sweep for @BJP4India in UP. Catch @_anujsinghal, @_prashantnair &amp; @_soniashenoy as they discuss the poll outcome for UP and others with @VinodSharmaView of @htTweets and Rasheed Kidwai, noted Political Analyst https://t.co/IIzBgGwLV4",CNBCTV18News
7,2022-03-07 12:52:01+00:00,1500816537988464641,"Koo Studio| ‡§ö‡•Å‡§®‡§æ‡§µ‡•Ä ‡§π‡§≤‡§ö‡§≤| ‡§µ‡§ø‡§ß‡§æ‡§®‡§∏‡§≠‡§æ ‡§ö‡•Å‡§®‡§æ‡§µ 2022- Koo Studio ‡§ï‡§æ ‡§ñ‡§æ‡§∏ ‡§™‡•ç‡§∞‡•ã‡§ó‡•ç‡§∞‡§æ‡§Æ ‡§è‡§ó‡•ç‡§ú‡§ø‡§ü ‡§™‡•ã‡§≤ ‡§∏‡•ç‡§™‡•á‡§∂‡§≤, ‡§Ö‡§¨ ‡§¶‡•á‡§ñ‡•á‡§Ç ‡§≤‡§æ‡§á‡§µ- https://t.co/8UdtaljF8R

#KooStudio #KooStudioOnJagran #VidhanSabhaElectionsAnalysis #StateElections2022 @pratyush_ranjan https://t.co/wMbFk9PEp1",JagranNews
8,2022-03-07 12:36:36+00:00,1500812658584342532,"Koo Studio| ‡§ö‡•Å‡§®‡§æ‡§µ‡•Ä ‡§π‡§≤‡§ö‡§≤| ‡§µ‡§ø‡§ß‡§æ‡§®‡§∏‡§≠‡§æ ‡§ö‡•Å‡§®‡§æ‡§µ 2022- ‡§è‡§ó‡•ç‡§ú‡§ø‡§ü ‡§™‡•ã‡§≤ ‡§ï‡§æ ‡§∏‡§¨‡§∏‡•á ‡§∏‡§ü‡•Ä‡§ï ‡§µ‡§ø‡§∂‡•ç‡§≤‡•á‡§∑‡§£, ‡§¨‡§∏ ‡§ö‡§Ç‡§¶ ‡§Æ‡§ø‡§®‡§ü‡•ã‡§Ç ‡§Æ‡•á‡§Ç‡•§ ‡§¶‡•á‡§ñ‡§ø‡§è Koo Studio ‡§ï‡§æ ‡§ñ‡§æ‡§∏ ‡§è‡§ó‡•ç‡§ú‡§ø‡§ü ‡§™‡•ã‡§≤ ‡§∏‡•ç‡§™‡•á‡§∂‡§≤ ‡§™‡•ç‡§∞‡•ã‡§ó‡•ç‡§∞‡§æ‡§Æ
Live ‡§ú‡•Å‡§°‡§º‡§®‡•á ‡§ï‡•á ‡§ï‡•ç‡§≤‡§ø‡§ï ‡§ï‡§∞‡•á‡§Ç-https://t.co/8UdtaljF8R
 #KooStudioOnJagran #VidhanSabhaElectionsAnalysis #StateElections2022 https://t.co/FRhhO3Ju3A",JagranNews
9,2022-03-07 12:28:25+00:00,1500810601454440450,"Koo Studio| ‡§ö‡•Å‡§®‡§æ‡§µ‡•Ä ‡§π‡§≤‡§ö‡§≤| ‡§µ‡§ø‡§ß‡§æ‡§®‡§∏‡§≠‡§æ ‡§ö‡•Å‡§®‡§æ‡§µ 2022- ‡§è‡§ó‡•ç‡§ú‡§ø‡§ü ‡§™‡•ã‡§≤ ‡§ï‡§æ ‡§∏‡§¨‡§∏‡•á ‡§∏‡§ü‡•Ä‡§ï ‡§µ‡§ø‡§∂‡•ç‡§≤‡•á‡§∑‡§£, ‡§¨‡§∏ ‡§ö‡§Ç‡§¶ ‡§Æ‡§ø‡§®‡§ü‡•ã‡§Ç ‡§Æ‡•á‡§Ç‡•§ ‡§¶‡•á‡§ñ‡§ø‡§è Koo Studio ‡§ï‡§æ ‡§ñ‡§æ‡§∏ ‡§è‡§ó‡•ç‡§ú‡§ø‡§ü ‡§™‡•ã‡§≤ ‡§∏‡•ç‡§™‡•á‡§∂‡§≤ ‡§™‡•ç‡§∞‡•ã‡§ó‡•ç‡§∞‡§æ‡§Æ
Live ‡§ú‡•Å‡§°‡§º‡§®‡•á ‡§ï‡•á ‡§ï‡•ç‡§≤‡§ø‡§ï ‡§ï‡§∞‡•á‡§Ç 

https://t.co/8UdtaljF8R

 #KooStudioOnJagran #VidhanSabhaElectionsAnalysis #StateElections2022",JagranNews
10,2022-03-07 12:25:03+00:00,1500809753961775105,"Koo Studio| ‡§ö‡•Å‡§®‡§æ‡§µ‡•Ä ‡§π‡§≤‡§ö‡§≤|‡§µ‡§ø‡§ß‡§æ‡§®‡§∏‡§≠‡§æ ‡§ö‡•Å‡§®‡§æ‡§µ 2022- ‡§¨‡§∏ 30 ‡§Æ‡§ø‡§®‡§ü ‡§Æ‡•á‡§Ç ‡§∂‡•Å‡§∞‡•Ç ‡§π‡•ã ‡§∞‡§π‡§æ ‡§π‡•à Koo Studio ‡§ï‡§æ ‡§ñ‡§æ‡§∏ ‡§è‡§ó‡•ç‡§ú‡§ø‡§ü ‡§™‡•ã‡§≤ ‡§∏‡•ç‡§™‡•á‡§∂‡§≤ ‡§™‡•ç‡§∞‡•ã‡§ó‡•ç‡§∞‡§æ‡§Æ, ‡§π‡•ã ‡§ú‡§æ‡§á‡§è ‡§§‡•à‡§Ø‡§æ‡§∞
Live ‡§ú‡•Å‡§°‡§º‡§®‡•á ‡§ï‡•á ‡§≤‡§ø‡§è ‡§´‡•â‡§≤‡•ã ‡§ï‡§∞‡•á‡§Ç @JagranNews ‡§ï‡•ã Koo ‡§ê‡§™ ‡§™‡§∞
#KooStudioOnJagran #VidhanSabhaElectionsAnalysis #StateElections2022 #ElectionsWithJagran https://t.co/1kYTujXDJ1",JagranNews
11,2022-03-07 10:33:33+00:00,1500781693128839177,"Koo Studio| ‡§µ‡§ø‡§ß‡§æ‡§®‡§∏‡§≠‡§æ ‡§ö‡•Å‡§®‡§æ‡§µ 2022- ‡§Ü‡§ú ‡§∂‡§æ‡§Æ 6 ‡§¨‡§ú‡•á ‡§¶‡•á‡§ñ‡•á‡§Ç ‡§è‡§ó‡•ç‡§ú‡§ø‡§ü ‡§™‡•ã‡§≤ ‡§∏‡•ç‡§™‡•á‡§∂‡§≤ ‡§™‡•ç‡§∞‡•ã‡§ó‡•ç‡§∞‡§æ‡§Æ ‡§î‡§∞ ‡§ú‡§æ‡§®‡•á‡§Ç ‡§µ‡§ø‡§ß‡§æ‡§®‡§∏‡§≠‡§æ ‡§ö‡•Å‡§®‡§æ‡§µ ‡§Æ‡•á‡§Ç ‡§ï‡§ø‡§∏‡§ï‡§æ ‡§™‡§≤‡§°‡§º‡§æ ‡§∞‡§π‡•á‡§ó‡§æ ‡§≠‡§æ‡§∞‡•Ä

Live ‡§ú‡•Å‡§°‡§º‡§®‡•á ‡§ï‡•á ‡§≤‡§ø‡§è ‡§´‡•â‡§≤‡•ã ‡§ï‡§∞‡•á‡§Ç @JagranNews ‡§ï‡•ã Koo ‡§ê‡§™ ‡§™‡§∞

#KooStudioOnJagran #VidhanSabhaElectionsAnalysis #StateElections2022 @pratyush_ranjan https://t.co/0vaqfxgUVR",JagranNews
12,2022-03-07 08:30:00+00:00,1500750601671618563,"‡§µ‡§ø‡§ß‡§æ‡§®‡§∏‡§≠‡§æ ‡§ö‡•Å‡§®‡§æ‡§µ 2022- ‡§™‡§æ‡§Ç‡§ö ‡§∞‡§æ‡§ú‡•ç‡§Ø‡•ã‡§Ç ‡§Æ‡•á‡§Ç ‡§ö‡§≤ ‡§∞‡§π‡•á ‡§µ‡§ø‡§ß‡§æ‡§®‡§∏‡§≠‡§æ ‡§ö‡•Å‡§®‡§æ‡§µ‡•ã‡§Ç ‡§Æ‡•á‡§Ç ‡§Æ‡§§‡§¶‡§æ‡§® ‡§ï‡•á ‡§¨‡§æ‡§¶ ‡§ú‡§æ‡§®‡•á‡§Ç ‡§ï‡•ç‡§Ø‡§æ ‡§ï‡§π‡§§‡•á ‡§π‡•à‡§Ç ‡§è‡§ó‡•ç‡§ú‡§ø‡§ü ‡§™‡•ã‡§≤

‡§Ü‡§ú ‡§∂‡§æ‡§Æ 6 ‡§¨‡§ú‡•á,

Live ‡§ú‡•Å‡§°‡§º‡§®‡•á ‡§ï‡•á ‡§≤‡§ø‡§è ‡§´‡•â‡§≤‡•ã ‡§ï‡§∞‡•á‡§Ç @JagranNews ‡§ï‡•ã Koo ‡§ê‡§™ ‡§™‡§∞

#KooStudio #KooStudioOnJagran #VidhanSabhaElectionsAnalysis #StateElections2022 @pratyush_ranjan https://t.co/1PhtyzQmJd",JagranNews
13,2022-03-06 14:40:37+00:00,1500481483055665162,"UP Elections | Analysis | ‡§∏‡•ç‡§•‡§æ‡§®‡•Ä‡§Ø ‡§∏‡§Æ‡§∏‡•ç‡§Ø‡§æ‡§è‡§Ç vs ‡§ú‡§æ‡§§‡§ø‡§ó‡§§ ‡§ó‡•ã‡§≤‡§¨‡§Ç‡§¶‡•Ä, UP ‡§ï‡•á ‡§∏‡§ø‡§Ø‡§æ‡§∏‡•Ä ‡§∏‡§Æ‡•Ä‡§ï‡§∞‡§£ ‡§™‡§∞ ‡§è‡§ï ‡§®‡§ú‡§º‡§∞ | ‡§µ‡§ø‡§ß‡§æ‡§®‡§∏‡§≠‡§æ ‡§ö‡•Å‡§®‡§æ‡§µ

@pratyush_ranjan #KooStudio #VidhanSabhaElectionsAnalysis #KooStudioOnJagran #StateElections2022

https://t.co/xApBh5zHSC",JagranNews
14,2022-03-06 08:05:00+00:00,1500381920504729600,"‡§â‡§§‡•ç‡§§‡§∞ ‡§™‡•ç‡§∞‡§¶‡•á‡§∂ ‡§Æ‡§§‡§¶‡§æ‡§® ‡§Æ‡•á‡§Ç ‡§ú‡§®‡§§‡§æ ‡§ï‡•á ‡§∞‡•Å‡§ñ ‡§ï‡§æ ‡§µ‡§ø‡§∂‡•ç‡§≤‡•á‡§∑‡§£, ‡§¶‡•á‡§ñ‡•á‡§Ç ‡§Ü‡§ú ‡§∂‡§æ‡§Æ 6 ‡§¨‡§ú‡•á Koo Studio ‡§™‡§∞ Live

#KooStudio #KooStudioOnJagran #VidhanSabhaElectionsAnalysis #StateElections2022 @pratyush_ranjan https://t.co/TLrLf3sZ7y",JagranNews
15,2022-03-05 17:00:01+00:00,1500154175069564929,"Koo Studio ‡§ö‡•Å‡§®‡§æ‡§µ‡•Ä ‡§§‡§∞‡•ç‡§ï ‡§µ‡§ø‡§§‡§∞‡•ç‡§ï: ‡§ï‡§ø‡§∏‡§®‡•á ‡§ï‡•ç‡§Ø‡§æ ‡§ï‡§ø‡§Ø‡•á ‡§¶‡§æ‡§µ‡•á ‡§î‡§∞ ‡§ï‡•ç‡§Ø‡§æ ‡§π‡•Å‡§è ‡§µ‡§æ‡§¶‡•á

@pratyush_ranjan 
#KooStudio #KooStudioOnJagran #VidhanSabhaElectionsAnalysis #StateElections2022

https://t.co/eDi6qbM7tu",JagranNews
16,2022-03-05 16:27:29+00:00,1500145988907847681,"UP Elections | Analysis | ‡§õ‡•ã‡§ü‡•á ‡§∞‡§æ‡§ú‡§®‡•Ä‡§§‡§ø‡§ï ‡§¶‡§≤‡•ã‡§Ç ‡§ï‡•Ä ‡§¨‡§¢‡§º‡§§‡•Ä ‡§∏‡§ø‡§Ø‡§æ‡§∏‡•Ä ‡§Ö‡§π‡§Æ‡§ø‡§Ø‡§§ | ‡§µ‡§ø‡§ß‡§æ‡§®‡§∏‡§≠‡§æ ‡§ö‡•Å‡§®‡§æ‡§µ

@pratyush_ranjan
#KooStudio #VidhanSabhaElectionsAnalysis #KooStudioOnJagran #StateElections2022

https://t.co/kpAcly7X6M",JagranNews
17,2022-03-05 09:41:34+00:00,1500043837238296576,"‡§∞‡§æ‡§ú‡§®‡•Ä‡§§‡§ø‡§ï ‡§™‡§æ‡§∞‡•ç‡§ü‡§ø‡§Ø‡•ã‡§Ç ‡§ï‡•á ‡§µ‡§æ‡§¶‡•á ‡§ï‡•ç‡§Ø‡§æ ‡§ò‡•ã‡§∑‡§£‡§æ ‡§™‡§§‡•ç‡§∞ ‡§§‡§ï ‡§π‡•Ä ‡§∏‡•Ä‡§Æ‡§ø‡§§ ‡§π‡•à‡•§ ‡§á‡§∏ ‡§µ‡§ø‡§∑‡§Ø ‡§™‡§∞ ‡§ö‡§∞‡•ç‡§ö‡§æ ‡§ï‡§∞‡§®‡•á ‡§ï‡•á ‡§≤‡§ø‡§è ‡§Ü‡§ú ‡§∂‡§æ‡§Æ 8 ‡§¨‡§ú‡•á Koo Studio ‡§ö‡•Å‡§®‡§æ‡§µ‡•Ä ‡§§‡§∞‡•ç‡§ï ‡§µ‡§ø‡§§‡§∞‡•ç‡§ï ‡§ï‡§æ‡§∞‡•ç‡§Ø‡§ï‡•ç‡§∞‡§Æ ‡§∏‡•á ‡§ú‡•Å‡§°‡§º‡•á‡§Ç ‡§π‡§Æ‡§æ‡§∞‡•á ‡§∏‡§æ‡§•‡•§

#KooStudio #KooStudioOnJagran #VidhanSabhaElectionsAnalysis #StateElections2022 @pratyush_ranjan https://t.co/kRdkJv0Izj",JagranNews
18,2022-03-05 08:01:19+00:00,1500018606545174530,"‡§∞‡§æ‡§ú‡§®‡•Ä‡§§‡§ø‡§ï ‡§¶‡§≤‡•ã‡§Ç ‡§ï‡§æ ‡§µ‡§ø‡§∂‡•ç‡§≤‡•á‡§∑‡§£

‡§õ‡•ã‡§ü‡•á ‡§∞‡§æ‡§ú‡§®‡•Ä‡§§‡§ø‡§ï ‡§¶‡§≤‡•ã‡§Ç ‡§ï‡•Ä ‡§¨‡§¢‡§º‡§§‡•Ä ‡§∏‡§ø‡§Ø‡§æ‡§∏‡•Ä ‡§Ö‡§π‡§Æ‡§ø‡§Ø‡§§ ‡§∏‡•á ‡§ï‡§ø‡§∏ ‡§¨‡§æ‡§§ ‡§ï‡§æ ‡§∏‡§Ç‡§ï‡•á‡§§ ‡§Æ‡§ø‡§≤‡§§‡§æ ‡§π‡•à‡•§ ‡§Ü‡§ú ‡§∂‡§æ‡§Æ 6 ‡§¨‡§ú‡•á Koo Studio ‡§ö‡•Å‡§®‡§æ‡§µ‡•Ä ‡§π‡§≤‡§ö‡§≤ ‡§Æ‡•á‡§Ç ‡§¶‡•á‡§ñ‡•á‡§Ç ‡§∞‡§æ‡§ú‡§®‡•Ä‡§§‡§ø‡§ï ‡§¶‡§≤‡•ã‡§Ç ‡§ï‡§æ ‡§µ‡§ø‡§∂‡•ç‡§≤‡•á‡§∑‡§£‡•§

#KooStudio #KooStudioOnJagran #VidhanSabhaElectionsAnalysis #StateElections2022 @pratyush_ranjan https://t.co/CC6iU21NOc",JagranNews
19,2022-03-04 19:12:25+00:00,1499825105907884032,"#ChunaviTarkVitark #KooStudioOnJagran

Latest Updates and Discussion on #UttarPradeshElections2022 with SK Datta &amp; @SMRITIRASTOGI13

 #KooStudio #VidhanSabhaElectionsAnalysis #StateElections2022

Episode 1:  https://t.co/rQnjK7AmBr",pratyush_ranjan
20,2022-03-04 18:36:01+00:00,1499815946135150592,"#ChunaviHulchul #KooStudioOnJagran

‡§™‡•Ç‡§∞‡•ç‡§µ‡§æ‡§Ç‡§ö‡§≤: ‡§∞‡§æ‡§ú‡§®‡•Ä‡§§‡§ø‡§ï ‡§∞‡•Ç‡§™ ‡§∏‡•á ‡§¨‡•á‡§π‡§¶ ‡§Ö‡§π‡§Æ ‡§á‡§∏ ‡§ï‡•ç‡§∑‡•á‡§§‡•ç‡§∞ ‡§™‡§∞ ‡§µ‡§ø‡§ú‡§Ø ‡§ï‡•á ‡§≤‡§ø‡§è ‡§∏‡§≠‡•Ä ‡§∞‡§æ‡§ú‡§®‡•Ä‡§§‡§ø‡§ï ‡§¶‡§≤‡•ã‡§Ç ‡§®‡•á ‡§Ö‡§™‡§®‡•Ä ‡§™‡•Ç‡§∞‡•Ä ‡§§‡§æ‡§ï‡§§ ‡§≤‡§ó‡§æ ‡§¶‡•Ä ‡§π‡•à‡•§ 

#UPElections2022 #StateElections2022

Episode 2: https://t.co/CUq5yowQ1j",pratyush_ranjan
21,2022-03-04 18:30:25+00:00,1499814535867531264,"#ChunaviHulchul #KooStudioOnJagran

UP Elections: ‡§ï‡•å‡§® ‡§ú‡§®‡§§‡§æ ‡§ï‡•Ä ‡§â‡§Æ‡•ç‡§Æ‡•Ä‡§¶‡•ã‡§Ç ‡§™‡§∞ ‡§ñ‡§∞‡§æ ‡§â‡§§‡§∞‡•á‡§ó‡§æ, ‡§ï‡§ø‡§∏‡§ï‡•Ä ‡§¶‡§æ‡§µ‡•á‡§¶‡§æ‡§∞‡•Ä ‡§π‡•à ‡§Æ‡§ú‡§¨‡•Ç‡§§? @SMRITIRASTOGI13

#KooStudio #VidhanSabhaElectionsAnalysis #StateElections2022

Episode 1: https://t.co/dhJQttKL0U",pratyush_ranjan
22,2022-03-04 17:44:41+00:00,1499803027078664192,"‡§â‡§§‡•ç‡§§‡§∞ ‡§™‡•ç‡§∞‡§¶‡•á‡§∂ ‡§Æ‡•á‡§Ç ‡§õ‡§π ‡§ö‡§∞‡§£‡•ã‡§Ç ‡§Æ‡•á‡§Ç ‡§Ö‡§¨ ‡§§‡§ï ‡§π‡•Å‡§è ‡§Æ‡§§‡§¶‡§æ‡§® ‡§ï‡§ø‡§∏ ‡§§‡§∞‡§π ‡§ï‡§æ ‡§∞‡•Å‡§ù‡§æ‡§® ‡§¶‡•á ‡§∞‡§π‡•á ‡§π‡•à‡§Ç, ‡§Ø‡§π ‡§ú‡§æ‡§®‡§®‡•á ‡§ï‡•á ‡§≤‡§ø‡§è Koo Studio ‡§ï‡§æ ‡§ñ‡§æ‡§∏ ‡§™‡•ç‡§∞‡•ã‡§ó‡•ç‡§∞‡§æ‡§Æ ‡§ö‡•Å‡§®‡§æ‡§µ‡•Ä ‡§§‡§∞‡•ç‡§ï ‡§µ‡§ø‡§§‡§∞‡•ç‡§ï ‡§ú‡§∞‡•Ç‡§∞ ‡§¶‡•á‡§ñ‡•á‡§Ç‡•§

@pratyush_ranjan
#KooStudio #KooStudioOnJagran #VidhanSabhaElectionsAnalysis #StateElections2022 

https://t.co/q5IWjYHrkS",JagranNews
23,2022-03-04 10:06:55+00:00,1499687826438647810,"Koo Studio ‡§ö‡•Å‡§®‡§æ‡§µ‡•Ä ‡§§‡§∞‡•ç‡§ï ‡§µ‡§ø‡§§‡§∞‡•ç‡§ï- UP ‡§ö‡•Å‡§®‡§æ‡§µ ‡§Æ‡•á‡§Ç ‡§õ‡§†‡•á ‡§ö‡§∞‡§£ ‡§§‡§ï ‡§ï‡•á ‡§Æ‡§§‡§¶‡§æ‡§® ‡§™‡§∞ ‡§ï‡•ç‡§Ø‡§æ ‡§π‡•à ‡§ö‡•Å‡§®‡§æ‡§µ‡•Ä ‡§µ‡§ø‡§∂‡•á‡§∑‡§ú‡•ç‡§û‡•ã‡§Ç ‡§ï‡•Ä ‡§∞‡§æ‡§Ø

‡§¶‡•á‡§ñ‡•á‡§Ç ‡§Ü‡§ú ‡§∂‡§æ‡§Æ 8 ‡§¨‡§ú‡•á Live

#KooStudio #KooStudioOnJagran #VidhanSabhaElectionsAnalysis #StateElections2022 @pratyush_ranjan https://t.co/EipxlU2IeO",JagranNews
24,2022-03-04 09:47:53+00:00,1499683038728704000,"Koo Studio ‡§ö‡•Å‡§®‡§æ‡§µ‡•Ä ‡§π‡§≤‡§ö‡§≤- UP ‡§ö‡•Å‡§®‡§æ‡§µ ‡§Æ‡•á‡§Ç ‡§Æ‡•Å‡§∏‡•ç‡§≤‡§ø‡§Æ ‡§¶‡§≤‡§ø‡§§ ‡§´‡•à‡§ï‡•ç‡§ü‡§∞ ‡§ï‡§æ ‡§∏‡§ü‡•Ä‡§ï ‡§µ‡§ø‡§∂‡•ç‡§≤‡•á‡§∑‡§£ ‡§¶‡•á‡§ñ‡•á‡§Ç ‡§Ü‡§ú ‡§∂‡§æ‡§Æ 6 ‡§¨‡§ú‡•á Live

#KooStudio #KooStudioOnJagran #VidhanSabhaElectionsAnalysis #StateElections2022 @pratyush_ranjan https://t.co/6Av4fOPlwI",JagranNews
25,2022-03-04 08:08:09+00:00,1499657937845129219,"‡§™‡§Ç‡§ú‡§æ‡§¨ ‡§î‡§∞ ‡§â‡§§‡•ç‡§§‡§∞‡§æ‡§ñ‡§Ç‡§° ‡§¶‡•ã‡§®‡•ã‡§Ç ‡§π‡•Ä ‡§∞‡§æ‡§ú‡•ç‡§Ø‡•ã‡§Ç ‡§Æ‡•á‡§Ç ‡§≤‡•ã‡§ó‡•ã‡§Ç ‡§ï‡•á ‡§Ö‡§™‡§®‡•á-‡§Ö‡§™‡§®‡•á ‡§Æ‡•Å‡§¶‡•ç‡§¶‡•á ‡§π‡•à‡§Ç‡•§ ‡§Ö‡§¨ ‡§ï‡•å‡§® ‡§∏‡•Ä ‡§™‡§æ‡§∞‡•ç‡§ü‡•Ä ‡§≤‡•ã‡§ó‡•ã‡§Ç ‡§ï‡•Ä ‡§â‡§Æ‡•ç‡§Æ‡•Ä‡§¶‡•ã‡§Ç ‡§™‡§∞ ‡§ñ‡§∞‡•Ä ‡§â‡§§‡§∞‡§§‡•Ä ‡§π‡•à, ‡§Ø‡§π ‡§Ü‡§®‡•á ‡§µ‡§æ‡§≤‡•á 10 ‡§Æ‡§æ‡§∞‡•ç‡§ö ‡§ï‡•ã ‡§™‡§§‡§æ ‡§ö‡§≤ ‡§ú‡§æ‡§è‡§ó‡§æ

@pratyush_ranjan #VidhanSabhaElectionsAnalysis #KooStudioOnJagran #StateElections2022

https://t.co/zgkpWEfo9o",JagranNews
26,2022-03-03 11:16:33+00:00,1499342963822202886,"Koo Studio Live - ‡§ö‡•Å‡§®‡§æ‡§µ‡•Ä ‡§π‡§≤‡§ö‡§≤

‡§™‡§Ç‡§ú‡§æ‡§¨ ‡§î‡§∞ ‡§â‡§§‡•ç‡§§‡§∞‡§æ‡§ñ‡§Ç‡§° ‡§ö‡•Å‡§®‡§æ‡§µ ‡§Æ‡•á‡§Ç ‡§ï‡§ø‡§∏ ‡§§‡§∞‡§π ‡§ï‡•Ä ‡§∏‡§ø‡§Ø‡§æ‡§∏‡•Ä ‡§π‡§≤‡§ö‡§≤ ‡§ö‡§≤ ‡§∞‡§π‡•Ä ‡§π‡•à‡•§ ‡§ö‡•Å‡§®‡§æ‡§µ ‡§ï‡•Ä ‡§≤‡•á‡§ü‡§∏‡•ç‡§ü ‡§Ö‡§™‡§°‡•á‡§ü‡•ç‡§∏ ‡§ï‡•á ‡§≤‡§ø‡§è Koo Studio Live ‡§ï‡•á ‡§∏‡§æ‡§• ‡§∂‡§æ‡§Æ 6 ‡§¨‡§ú‡•á ‡§ú‡•Å‡§°‡§º‡•á‡§Ç‡•§

#KooStudio #KooStudioOnJagran #VidhanSabhaElectionsAnalysis #StateElections2022 

@pratyush_ranjan https://t.co/tNq4lHc6Rc",JagranNews
27,2022-03-02 15:32:31+00:00,1499044991590563840,"5 ‡§∞‡§æ‡§ú‡•ç‡§Ø‡•ã‡§Ç ‡§Æ‡•á‡§Ç ‡§π‡•ã ‡§∞‡§π‡•á ‡§ö‡•Å‡§®‡§æ‡§µ ‡§î‡§∞ ‡§µ‡•ã‡§ü‡§ø‡§Ç‡§ó ‡§™‡§∞‡•ç‡§∏‡•á‡§Ç‡§ü‡•á‡§ú ‡§ï‡•ç‡§Ø‡§æ ‡§ï‡•Å‡§õ ‡§ï‡§π‡§§‡•á ‡§π‡•à‡§Ç, ‡§Ø‡§π ‡§ú‡§æ‡§®‡§®‡•á ‡§ï‡•á ‡§≤‡§ø‡§è ‡§Ü‡§á‡§è ‡§ö‡§∞‡•ç‡§ö‡§æ ‡§ï‡§∞‡§§‡•á ‡§π‡•à‡§Ç Jagran New Media ‡§ï‡•á ‡§è‡§ó‡•ç‡§ú‡§ï‡•ç‡§Ø‡•Ç‡§ü‡§ø‡§µ ‡§è‡§°‡§ø‡§ü‡§∞ @pratyush_ranjan ‡§ï‡•á ‡§∏‡§æ‡§•‡•§

#KooStudio #VidhanSabhaElectionsAnalysis #KooStudioOnJagran #StateElections2022 

https://t.co/7gkyJAJiOe",JagranNews
28,2022-03-02 10:36:20+00:00,1498970454379630594,"Koo Studio ‡§ö‡•Å‡§®‡§æ‡§µ‡•Ä ‡§§‡§∞‡•ç‡§ï ‡§µ‡§ø‡§§‡§∞‡•ç‡§ï

‡§ï‡•à‡§∏‡§æ ‡§∞‡§π‡§æ ‡§Ö‡§¨ ‡§§‡§ï ‡§ï‡§æ ‡§Æ‡§§‡§¶‡§æ‡§® ‡§î‡§∞ ‡§¨‡§ö‡•á ‡§π‡•Å‡§è ‡§ö‡§∞‡§£ ‡§Æ‡•á‡§Ç ‡§ú‡§®‡§§‡§æ ‡§ï‡§æ ‡§Æ‡•Ç‡§° ‡§ï‡•à‡§∏‡§æ ‡§π‡•ã‡§ó‡§æ, ‡§á‡§∏‡§ï‡§æ ‡§µ‡§ø‡§∂‡•ç‡§≤‡•á‡§∑‡§£ ‡§ï‡§∞‡§®‡•á ‡§ï‡•á ‡§≤‡§ø‡§è Koo Studio ‡§ö‡•Å‡§®‡§æ‡§µ‡•Ä ‡§§‡§∞‡•ç‡§ï ‡§µ‡§ø‡§§‡§∞‡•ç‡§ï ‡§ï‡•á ‡§∏‡§æ‡§• ‡§ú‡•Å‡§°‡§º‡•á‡§Ç‡•§
  
@pratyush_ranjan  @dutta70 #KooStudio #KooStudioOnJagran #VidhanSabhaElectionsAnalysis #StateElections2022 https://t.co/G7ASkC3YUn",JagranNews
29,2022-03-02 09:18:35+00:00,1498950887536234496,"‡§Ø‡•Ç‡§™‡•Ä ‡§Æ‡§§‡§¶‡§æ‡§® ‡§Æ‡•á‡§Ç ‡§ú‡§®‡§§‡§æ ‡§ï‡§ø‡§® ‡§Æ‡•Å‡§¶‡•ç‡§¶‡•ã‡§Ç ‡§™‡§∞ ‡§ï‡§∞‡•á‡§ó‡•Ä ‡§µ‡•ã‡§ü‡§ø‡§Ç‡§ó‡•§ ‡§Ø‡§π ‡§ú‡§æ‡§®‡§®‡•á ‡§ï‡•á ‡§≤‡§ø‡§è Koo Studio ‡§ö‡•Å‡§®‡§æ‡§µ‡•Ä ‡§π‡§≤‡§ö‡§≤ ‡§ï‡•á ‡§∏‡§æ‡§• ‡§ú‡•Å‡§°‡§º‡•á ‡§∞‡§π‡•á‡§Ç‡•§ 

@pratyush_ranjan #SmritiRastogi #KooStudio #KooStudioOnJagran #VidhanSabhaElectionsAnalysis #StateElections2022 https://t.co/0GRgLLl9D2",JagranNews
30,2022-03-01 14:30:00+00:00,1498666871754735623,"‡§ö‡•Å‡§®‡§æ‡§µ ‡§™‡•ç‡§∞‡§ö‡§æ‡§∞ ‡§•‡§Æ‡§®‡•á ‡§ï‡•á ‡§¨‡§æ‡§¶ ‡§™‡•Ç‡§∞‡•ç‡§µ‡§æ‡§Ç‡§ö‡§≤ ‡§ï‡•á ‡§ï‡•ç‡§∑‡•á‡§§‡•ç‡§∞ ‡§ï‡§æ ‡§ö‡•Å‡§®‡§æ‡§µ‡•Ä ‡§ó‡§£‡§ø‡§§ ‡§ï‡§ø‡§∏ ‡§§‡§∞‡§´ ‡§ï‡§∞‡§µ‡§ü ‡§≤‡•á ‡§∞‡§π‡§æ ‡§π‡•à, ‡§ú‡§æ‡§®‡§®‡•á ‡§ï‡•á ‡§≤‡§ø‡§è ‡§¶‡•á‡§ñ‡§ø‡§è Koo Studio ‡§ï‡•á ‡§ö‡•Å‡§®‡§æ‡§µ‡•Ä ‡§π‡§≤‡§ö‡§≤ ‡§ï‡§æ ‡§Ø‡§π ‡§è‡§™‡§ø‡§∏‡•ã‡§°‡•§

@pratyush_ranjan  #KooStudio #VidhanSabhaElectionsAnalysis #KooStudioOnJagran #StateElections2022

https://t.co/5GNFMTrsEZ",JagranNews
31,2022-03-01 10:01:14+00:00,1498599234517766145,"‡§Æ‡§§‡§¶‡§æ‡§® ‡§∏‡•á ‡§™‡§π‡§≤‡•á ‡§ï‡•à‡§∏‡§æ ‡§π‡•à ‡§™‡•Ç‡§∞‡•ç‡§µ‡§æ‡§Ç‡§ö‡§≤ ‡§ï‡§æ ‡§ö‡•Å‡§®‡§æ‡§µ‡•Ä ‡§ó‡§£‡§ø‡§§, ‡§ï‡•å‡§® ‡§∏‡•Ä ‡§∏‡•Ä‡§ü ‡§™‡§∞ ‡§π‡•à ‡§∏‡§¨‡§ï‡•Ä ‡§®‡§ú‡§∞

UP ‡§ö‡•Å‡§®‡§æ‡§µ ‡§ï‡•á ‡§∏‡§ü‡•Ä‡§ï ‡§µ‡§ø‡§∂‡•ç‡§≤‡•á‡§∑‡§£ ‡§ï‡•á ‡§≤‡§ø‡§è ‡§Ü‡§ú ‡§∂‡§æ‡§Æ 6 ‡§¨‡§ú‡•á ‡§ú‡•Å‡§°‡§º‡•á‡§Ç Koo Studio ‡§™‡§∞ Live.
  
@pratyush_ranjan #SmritiRastogi  #KooStudio #KooStudioOnJagran #VidhanSabhaElectionsAnalysis #StateElections2022 https://t.co/PMuKS0qk9X",JagranNews
32,2022-02-28 18:00:34+00:00,1498357474562240515,"‡§á‡§∏ ‡§ö‡•Å‡§®‡§æ‡§µ‡•Ä ‡§ò‡§Æ‡§æ‡§∏‡§æ‡§® ‡§Æ‡•á‡§Ç ‡§∞‡§æ‡§ú‡§®‡•Ä‡§§‡§ø ‡§ï‡§ø‡§∏ ‡§§‡§∞‡§´ ‡§ï‡§∞‡§µ‡§ü ‡§≤‡•á ‡§∞‡§π‡•Ä ‡§π‡•à, ‡§á‡§∏‡§ï‡§æ ‡§ñ‡§æ‡§∏ ‡§µ‡§ø‡§∂‡•ç‡§≤‡•á‡§∑‡§£ ‡§≤‡•á‡§ï‡§∞ ‡§Ü‡§Ø‡§æ ‡§π‡•à Koo Studio ‡§ï‡§æ ‡§ñ‡§æ‡§∏ ‡§™‡•ç‡§∞‡•ã‡§ó‡•ç‡§∞‡§æ‡§Æ ‡§ö‡•Å‡§®‡§æ‡§µ‡•Ä ‡§π‡§≤‡§ö‡§≤‡•§ 

#KooStudio #VidhanSabhaElectionsAnalysis #KooStudioOnJagran #StateElections2022
https://t.co/EbLcUTel9p",JagranNews
33,2022-02-28 14:07:52+00:00,1498298912574427138,"Update-
Ballia added to the list ‚úÖ
#StateElections2022 https://t.co/1zonnzJBHQ https://t.co/9fKBkgLbRJ",dr_ajit777
34,2022-02-28 09:43:46+00:00,1498232448806637568,"‡§ï‡•å‡§® ‡§ú‡§®‡§§‡§æ ‡§ï‡•Ä ‡§â‡§Æ‡•ç‡§Æ‡•Ä‡§¶‡•ã‡§Ç ‡§™‡§∞ ‡§ñ‡§∞‡§æ ‡§â‡§§‡§∞‡•á‡§ó‡§æ, ‡§ï‡§ø‡§∏‡§ï‡•Ä ‡§¶‡§æ‡§µ‡•á‡§¶‡§æ‡§∞‡•Ä ‡§π‡•à ‡§Æ‡§ú‡§¨‡•Ç‡§§,  UP ‡§ö‡•Å‡§®‡§æ‡§µ ‡§ï‡•Ä ‡§∏‡§≠‡•Ä ‡§π‡§≤‡§ö‡§≤‡•ã‡§Ç ‡§ï‡•á ‡§≤‡§ø‡§è ‡§Ü‡§ú ‡§∂‡§æ‡§Æ 6 ‡§¨‡§ú‡•á ‡§∏‡•á ‡§ú‡•Å‡§°‡§º‡•á‡§Ç @pratyush_ranjan ‡§î‡§∞ Smriti Rastogi  ‡§ï‡•á ‡§∏‡§æ‡§• Koo Studio ‡§™‡§∞ Live

#KooStudio  #KooStudioOnJagran #StateElections2022 https://t.co/uY7q2EHiZl",amit1983shukla
35,2022-02-28 09:33:48+00:00,1498229942420914176,"‡§ï‡•å‡§® ‡§ú‡§®‡§§‡§æ ‡§ï‡•Ä ‡§â‡§Æ‡•ç‡§Æ‡•Ä‡§¶‡•ã‡§Ç ‡§™‡§∞ ‡§ñ‡§∞‡§æ ‡§â‡§§‡§∞‡•á‡§ó‡§æ, ‡§ï‡§ø‡§∏‡§ï‡•Ä ‡§¶‡§æ‡§µ‡•á‡§¶‡§æ‡§∞‡•Ä ‡§π‡•à ‡§Æ‡§ú‡§¨‡•Ç‡§§,  UP ‡§ö‡•Å‡§®‡§æ‡§µ ‡§ï‡•Ä ‡§∏‡§≠‡•Ä ‡§π‡§≤‡§ö‡§≤‡•ã‡§Ç ‡§ï‡•á ‡§≤‡§ø‡§è ‡§Ü‡§ú ‡§∂‡§æ‡§Æ 6 ‡§¨‡§ú‡•á ‡§∏‡•á ‡§ú‡•Å‡§°‡§º‡•á‡§Ç @pratyush_ranjan ‡§î‡§∞ Smriti Rastogi  ‡§ï‡•á ‡§∏‡§æ‡§• Koo Studio ‡§™‡§∞ Live

#KooStudio #VidhanSabhaElectionsAnalysis #KooStudioOnJagran #StateElections2022 https://t.co/EIc7vDzVA0",JagranNews
36,2022-02-25 17:44:01+00:00,1497266146126753795,"‡§ï‡•ç‡§Ø‡§æ ‡§§‡•á‡§≤ (Petrol , Diesel) ‡§ï‡•á ‡§¶‡§æ‡§Æ‡•ã‡§Ç ‡§™‡§∞ ‡§≠‡•Ä ‡§Ü‡§ú‡§ï‡§≤ EC ‡§ï‡•Ä ‡§ö‡•Å‡§®‡§æ‡§µ‡•Ä ‡§Ü‡§ö‡§æ‡§∞ ‡§∏‡§Ç‡§π‡§ø‡§§‡§æ (Model code of conduct) ‡§Ö‡§ò‡•ã‡§∑‡§ø‡§§ ‡§Ö‡§µ‡§∏‡•ç‡§•‡§æ ‡§Æ‡•á‡§Ç ‡§≤‡§æ‡§ó‡•Ç ‡§π‡•à ü§îü§î
#StateElections2022
#Model_Code_Of_Conduct
#‡§Ü‡§ö‡§æ‡§∞_‡§∏‡§Ç‡§π‡§ø‡§§‡§æ 
#PetrolDieselPriceHike",grg1202
37,2022-02-22 11:33:50+00:00,1496085820226543621,"When Brent crude oil closing on $100 per barrel but you can‚Äôt raise petrol-diesel prices till March 7th.. 

Modi ji: 

 #UkraineRussiaCrisis #UPElection2022 #ManipurElections2022 #StateElections2022 https://t.co/CgYiblpjiA",AlokSShinde
38,2022-02-21 08:19:09+00:00,1495674441216397317,"Addressing the rally, the Congress General Secretary also hit out at the ruling party in UP, accusing it of inciting religious sentiments to divert people‚Äôs attention from issues such as unemployment and those related to farmers.

#congressvsbjp #stateelections2022 #uttarpradesh",LogicalIndians
39,2022-02-20 15:00:04+00:00,1495412945798705157,"Covid-19 cases decline, EC restores star campaigners' limit in Assembly polls https://t.co/FDRUE0EtIm 
#StateElections2022 #ECI #StateElection2022 #publiclokpal #plnews",public_lokpal
40,2022-02-19 10:09:04+00:00,1494977327062974469,"‡Æµ‡Ææ‡Æï‡Øç‡Æï‡ØÅ‡Æï‡Æ≥‡Øà ‡Æï‡ØÇ‡Æü‡ØÅ‡Æ§‡Æ≤‡Ææ‡Æï.. https://t.co/Nv9dYBUCi0 
""..40‡Æµ‡Æ§‡ØÅ ‡Æµ‡Ææ‡Æ∞‡Øç‡Æü‡Æø‡Æ≤‡Øç ‡Æµ‡Ææ‡Æï‡Øç‡Æï‡ØÅ‡Æ™‡Æ§‡Æø‡Æµ‡ØÅ ‡Æá‡ÆØ‡Æ®‡Øç‡Æ§‡Æø‡Æ∞‡Æ§‡Øç‡Æ§‡Æø‡Æ≤‡Øç 277 ‡Æµ‡Ææ‡Æï‡Øç‡Æï‡ØÅ‡Æï‡Æ≥‡Øç ‡Æ™‡Æ§‡Æø‡Æµ‡Ææ‡Æ© ‡Æ®‡Æø‡Æ≤‡Øà‡ÆØ‡Æø‡Æ≤‡Øç 2177 ‡Æµ‡Ææ‡Æï‡Øç‡Æï‡ØÅ‡Æï‡Æ≥‡Øç ‡Æ™‡Æ§‡Æø‡Æµ‡Ææ‡Æï‡Æø‡ÆØ‡ØÅ‡Æ≥‡Øç‡Æ≥‡Æ§‡Ææ‡Æï ‡Æï‡Ææ‡Æü‡Øç‡Æü‡Æø‡ÆØ‡Æ§‡Ææ‡Æ≤‡Øç..""
Translation,
In ward 40, against 277 votes cast, the #EVM showed it as 2177 votes were cast.
#stateelections2022",Sjayaraj1999
41,2022-02-14 09:31:39+00:00,1493155972227153920,"#StateElections2022: Pole Positions For #AAP In #Punjab And #BJP In #Uttarakhand  
https://t.co/5AwoDVapB3",SakshiPost
42,2022-02-14 03:41:01+00:00,1493067731469422592,"So the time has come for People of Uttarakhand, U.P, Manipur,Punjab, and Goa to choose between ""NETA"" and ""NOTA"" (better than NETA).
So choose wisely!!
#Election2022 
#StateElections2022",DhyaniShreevats
43,2022-02-13 04:35:36+00:00,1492719080687955968,"What in your opinion will the #election #result be in #UttarPradesh 

#AssemblyElections2022, #StateElections2022, #AssemblyPolls2022, #UttarPradeshElections2022, #UttarakhandElections2022, #PunjabElections2022, #ManipurElections2022, #GoaElections2022.",Kwrsarassingh
44,2022-02-12 08:43:51+00:00,1492419166506160128,"Addressed the people of 9/6 Dimdaijang Village of Thangmeiband constituency today.

Highlighted landmark achievements of BJP which are tremendously improving lives of people &amp; urged them to bless BJP candidate Shri @WaikhomJotin &amp; make lotus bloom in #StateElections2022. https://t.co/I6PyF09f4e",BiswajitThongam
45,2022-02-10 16:15:25+00:00,1491808028655382528,"Update-

""‡§ó‡•ã‡§µ‡§æ ‡§∏‡•á ‡§Æ‡•á‡§∞‡§æ ‡§ñ‡§æ‡§∏ ‡§®‡§æ‡§§‡§æ ‡§π‡•à""- ‡§Æ‡•ã‡§¶‡•Ä‡§ú‡•Ä ‚ù§Ô∏è
#StateElections2022 https://t.co/1zonnzrstI https://t.co/NZl7pEIlTM",dr_ajit777
46,2022-02-10 10:55:43+00:00,1491727576062373889,"I have exercised my right to vote. You should too.
Please #GoVote
#StateElections2022 
#UttarPradeshElections2022 https://t.co/ZLNemcprTD",NatureLush01
47,2022-02-10 07:29:08+00:00,1491675586385055746,"Follow my Insta handle @politicalbaaba for pictorial series on #StateElections2022 #UttarPradeshElections2022 #PunjabElections2022 
https://t.co/yGR313W4IE",politicalbaaba
48,2022-02-10 04:15:28+00:00,1491626848505135106,"I have already exercised my right to vote. You should too.
Please #GoVote
#StateElections2022 https://t.co/OcS7NaGOC6",sujitsinghadv
49,2022-02-06 08:36:02+00:00,1490242872750542850,"Assembly elections 2022: EC announces further relaxations in curbs as Covid-19 cases drop https://t.co/fTJQcEiPiC 
#UPElections2022 #StateElections2022 #ECI #UPElection2022 #publiclokpal #plnews",public_lokpal
50,2022-02-06 05:16:58+00:00,1490192772561006592,"Covid appropriate behaviour and Precautions to be observed strictly

Limit of 20 Persons for Door to Door Campaign to Continue

#ElectionCommissionOfIndia 
#ECI
#COVID19 
#stateElections2022",Rstvarun
51,2022-02-06 05:16:57+00:00,1490192770002460675,"Ban on¬†road shows, Pad-Yatras, cycle/bike/vehicle rallies and processions to continue

ECI¬†grants further relaxation for Physical public meetings in indoor Halls and Outdoor meetings

#ElectionCommissionOfIndia 
#ECI
#COVID19 
#stateElections2022 https://t.co/vcNIDscpkn",Rstvarun
52,2022-02-03 05:41:01+00:00,1489111661990453252,"Check this out NOW (!!!)
#JagrukVoter #StateElections2022 https://t.co/VsdEnvLogm",yashagarwalm
53,2022-02-01 09:51:05+00:00,1488449820276985857,"‡§µ‡§ø‡§ß‡§æ‡§®‡§∏‡§≠‡§æ ‡§ö‡•Å‡§®‡§æ‡§µ: ‡§ö‡•Å‡§®‡§æ‡§µ ‡§Ü‡§Ø‡•ã‡§ó ‡§®‡•á 11 ‡§´‡§∞‡§µ‡§∞‡•Ä ‡§§‡§ï ‡§∞‡•à‡§≤‡§ø‡§Ø‡•ã‡§Ç ‡§î‡§∞ ‡§∞‡•ã‡§° ‡§∂‡•ã ‡§™‡§∞ ‡§¨‡§¢‡§º‡§æ‡§Ø‡§æ ‡§™‡•ç‡§∞‡§§‡§ø‡§¨‡§Ç‡§ß https://t.co/qqinI14uZf 
#EC #StateElections2022 #publiclokpal #plnews",public_lokpal
54,2022-01-31 11:03:31+00:00,1488105659509862405,"#Live at 5 PM IST. As the first round of polling nears, has the ground shifted in key states? @sreeramjvc has the latest trends and waves. #StateElections2022¬†https://t.co/MgtsoExNB9",pGurus1
55,2022-01-31 10:52:49+00:00,1488102966284349441,"#Live at 5 PM IST. As the first round of polling nears, has the ground shifted in key states? J V C Sreeram (@sreeramjvc) has the latest trends and waves. #StateElections2022 https://t.co/8sFqXa2x3K #UPYogiHaiYogi #Modi",SreeIyer1
56,2022-01-31 05:30:02+00:00,1488021736566276098,"#StateElections2022 As the first round of polling nears, has the ground shifted in key states?  @sreeramjvc has the latest trends and waves. Do tune in #Live at 5 PM IST @Swamy39 https://t.co/atvazuGGRD",SreeIyer1
57,2022-01-24 11:12:59+00:00,1485571326765146112,"Very next day of state elections you will see continuous Petrol price increase for atleast a week ! 

So make sure all of you fill your tank before the elections ‚úåüèº‚úåüèº

#PetrolDieselPrice  
#StateElections2022",vijaythottathil
58,2022-01-22 14:45:31+00:00,1484900036391882754,"‡§ö‡•Å‡§®‡§æ‡§µ‡•Ä ‡§∞‡•à‡§≤‡§ø‡§Ø‡•ã‡§Ç ‡§™‡§∞ ‡§™‡•ç‡§∞‡§§‡§ø‡§¨‡§Ç‡§ß 31 ‡§ú‡§®‡§µ‡§∞‡•Ä ‡§§‡§ï ‡§¨‡§¢‡§º‡•á, ‡§∞‡§æ‡§á‡§°‡§∞‡•ç‡§∏ ‡§ï‡•á ‡§∏‡§æ‡§• ‡§ú‡§®‡§∏‡§≠‡§æ ‡§ï‡•Ä ‡§Ö‡§®‡•Å‡§Æ‡§§‡§ø https://t.co/iEXY2lgH11
#StateElections2022 #ECI #UPElection2022 #publiclokpal #plnews",public_lokpal
59,2022-01-20 06:31:32+00:00,1484050946909171714,"""The Centre is trying to #suppress farmers in every possible way. If you want to get rid of inflation, farmers want to make a profit on their harvest, then remove this government,"" he added.

#elections #stateelections2022 #raids",LogicalIndians
60,2022-01-20 06:31:22+00:00,1484050902822830083,"Speaking about the #Congress' door-to-door campaign in UP, Baghel said he has found out during such drives that people are troubled with the Yogi Adityanath-led BJP government. 
 
#elections #stateelections2022 #raids",LogicalIndians
61,2022-01-20 06:30:20+00:00,1484050644474667011,"#election2022 - On Wednesday, January 19, Chhattisgarh Chief Minister Bhupesh Baghel compared the raids by Central agencies on leaders in opposition poll-bound states with the Pakistan cricket team that #included the umpires as well, he said.

#elections #stateelections2022 https://t.co/xSr46qUlZk",LogicalIndians
62,2022-01-19 10:50:35+00:00,1483753748245905411,"SC to consider hearing PIL challenging use of EVMs https://t.co/w7xm5INj4J 
#EVM #StateElections2022 #SupremeCourt #publiclokpal #plnews",public_lokpal
63,2022-01-17 09:57:34+00:00,1483015631041560578,"EC postpones Punjab polls to Feb 20 after request by CM, political parties https://t.co/7tnjMTPvMr
#Punjabelections2022 #ECI #StateElections2022 #publiclokpal #plnews",public_lokpal
64,2022-01-16 05:08:09+00:00,1482580409732911105,"‡§ö‡•Å‡§®‡§æ‡§µ ‡§µ‡§æ‡§≤‡•á ‡§™‡§æ‡§Ç‡§ö‡•ã‡§Ç ‡§∞‡§æ‡§ú‡•ç‡§Ø‡•ã‡§Ç ‡§Æ‡•á‡§Ç 22 ‡§ú‡§®‡§µ‡§∞‡•Ä ‡§§‡§ï ‡§®‡§π‡•Ä‡§Ç ‡§π‡•ã‡§Ç‡§ó‡•á ‡§∏‡§æ‡§∞‡•ç‡§µ‡§ú‡§®‡§ø‡§ï ‡§∞‡•à‡§≤‡§ø‡§Ø‡•ã‡§Ç ‡§î‡§∞ ‡§∞‡•ã‡§° ‡§∂‡•ã https://t.co/OlsSCfjpRx
#StateElections2022 #ECI #UPElection2022 #publiclokpal #plnews",public_lokpal
65,2022-01-11 11:08:01+00:00,1480859035582615552,"https://t.co/wqfQWz2Kzo
#PunjabElection2022  #stateelections2022 #BJP #AAP",mainabhatnagar
66,2022-01-09 16:41:33+00:00,1480218195772461058,"‡§ú‡•ã ‡§™‡§æ‡§∞‡•ç‡§ü‡•Ä ‡§î‡§∞ ‡§ú‡§ø‡§∏‡§ï‡•á ‡§ï‡§æ‡§∞‡•ç‡§Ø‡§ï‡§∞‡•ç‡§§‡§æ ‡§∏‡§æ‡§Æ‡§®‡•á ‡§µ‡§æ‡§≤‡•Ä ‡§™‡§æ‡§∞‡•ç‡§ü‡•Ä ‡§î‡§∞ ‡§ï‡§æ‡§∞‡•ç‡§Ø‡§ï‡§∞‡•ç‡§§‡§æ‡§ì‡§Ç ‡§ï‡•ã ‡§®‡§Ç‡§ó‡§æ ‡§ï‡§∞‡§®‡•á ‡§Æ‡•á‡§Ç ‡§∏‡§ï‡•ç‡§∑‡§Æ ‡§π‡•ã‡§ó‡•Ä ‡§µ‡§π‡•Ä ‡§ú‡•Ä‡§§‡•á‡§ó‡•Ä, ‡§ö‡§Ø‡§® ‡§ï‡§≠‡•Ä ‡§ï‡§º‡§æ‡§¨‡§ø‡§≤‡§ø‡§Ø‡§§ ‡§¶‡•á‡§ñ ‡§ï‡§∞ ‡§®‡§æ ‡§π‡•Å‡§Ü ‡§π‡•à ‡§®‡§æ ‡§´‡§º‡§ø‡§≤‡§π‡§æ‡§≤ ‡•ß‡•´/‡•®‡•¶ ‡§µ‡§∞‡•ç‡§∑ ‡§π‡•ã‡§ó‡§æ‡•§ #StateElections2022 #MoneyWaste #TimeWaste",avidandiya
67,2022-01-09 08:10:31+00:00,1480089590887170048,"Varun Gandhi tests positive for Covid, urges EC to this.. https://t.co/p0uEq0C2i3 
#VarunGandhi #COVID19 #StateElections2022 #publiclokpal #plnews",public_lokpal
68,2022-01-09 08:07:18+00:00,1480088780140806149,"‡§µ‡§∞‡•Å‡§£ ‡§ó‡§æ‡§Ç‡§ß‡•Ä ‡§π‡•Å‡§è ‡§ï‡•ã‡§µ‡§ø‡§° ‡§∏‡§Ç‡§ï‡•ç‡§∞‡§Æ‡§ø‡§§, ‡§ö‡•Å‡§®‡§æ‡§µ ‡§Ü‡§Ø‡•ã‡§ó ‡§∏‡•á ‡§ï‡•Ä ‡§Ø‡§π ‡§Ö‡§™‡•Ä‡§≤... https://t.co/RaUixPtClE 
#VarunGandhi #COVID19 #StateElections2022 #publiclokpal #plnews",public_lokpal
69,2022-01-09 05:37:37+00:00,1480051112874942467,"‡§ú‡§π‡§æ‡§Å ‡§≤‡•ã‡§ï‡§§‡§®‡•ç‡§§‡•ç‡§∞ ‡§ï‡•á ‡§ö‡§æ‡§∞‡•ã‡§Ç ‡§∏‡•ç‡§§‡§Æ‡•ç‡§≠ ‡§Ü‡§Æ‡§ú‡§® ‡§ï‡•ã ‡§¨‡•Å‡§°‡§º‡§¨‡§ï ‡§¨‡§®‡§æ‡§®‡•á ‡§Æ‡•á‡§Ç ‡§≤‡§ó ‡§ú‡§æ‡§è‡§Å ‡§µ‡§π‡§æ‡§Å ‡§ï‡•Å‡§õ ‡§Ö‡§ö‡•ç‡§õ‡§æ ‡§§‡•ã ‡§π‡•ã ‡§®‡§π‡•Ä‡§Ç ‡§∏‡§ï‡§§‡§æ‡•§üòîüòî

‡§´‡§ø‡§∞ ‡§≠‡•Ä ‡§è‡§ï ‡§¨‡§æ‡§§ ‡§Ö‡§ö‡•ç‡§õ‡§æ ‡§π‡•à ‡§ï‡§ø ‡§π‡§Æ‡§æ‡§∞‡•á ‡§≠‡•å‡§Ç‡§ï‡§®‡•á ‡§ï‡•Ä ‡§Ü‡§ú‡§º‡§æ‡§¶‡•Ä ‡§Ö‡§≠‡•Ä ‡§≠‡•Ä ‡§¨‡§∞‡§ï‡§∞‡§æ‡§∞ ‡§π‡•à‡•§üòäüòäüòä

#StateElections2022",05AkSrivastav
70,2022-01-08 11:13:53+00:00,1479773346594103303,"#StateElections2022 :

#Uttarakhand, #Punjab &amp; #Goa to be held on Feb 14

#UttarPradesh in 7 phases from Feb 10-Mar 7 

#Manipur in 2 phases from Feb 27-Mar 3

Results on March 10",HemanNamo
71,2022-01-08 11:09:22+00:00,1479772210944372737,"Tomorrow is here. Virtual election campaign will test politicians,  party machinery and public relations experts. Time to redraw campaign strategy @BJP4India @INCIndia @samajwadiparty @AamAadmiParty #Elections #StateElections2022 https://t.co/ChBBZ6zwAx",MJSrikant
72,2022-01-08 11:02:13+00:00,1479770412053458944,"Assembly elections to be held in seven phases, No road shows and rallies till January 15 https://t.co/enpYibgarS 
#StateElections2022 #ECI #publiclokpal #plnews",public_lokpal
73,2022-01-08 11:01:05+00:00,1479770126782107649,"‡§∏‡§æ‡§§ ‡§ö‡§∞‡§£‡•ã‡§Ç ‡§Æ‡•á‡§Ç ‡§π‡•ã‡§Ç‡§ó‡•á ‡§µ‡§ø‡§ß‡§æ‡§®‡§∏‡§≠‡§æ ‡§ö‡•Å‡§®‡§æ‡§µ, 15 ‡§ú‡§®‡§µ‡§∞‡•Ä ‡§§‡§ï ‡§∏‡§≠‡•Ä ‡§∞‡•ã‡§° ‡§∂‡•ã ‡§î‡§∞ ‡§∞‡•à‡§≤‡§ø‡§Ø‡•ã‡§Ç ‡§™‡§∞ ‡§™‡•ç‡§∞‡§§‡§ø‡§¨‡§®‡•ç‡§ß  https://t.co/js2boHyfR6 
#StateElections2022 #ECI #publiclokpal #plnews",public_lokpal
74,2022-01-08 06:32:47+00:00,1479702607811678211,"Goverment knows when to increase the corona cases in states where the elections are going to convene. 
‡§ú‡§Ø ‡§π‡•ã‡•§ #StateElections2022 https://t.co/NnLmP3HXN6",iDipeshTare
75,2022-01-08 06:20:20+00:00,1479699472972058625,"‡§ö‡•Å‡§®‡§æ‡§µ ‡§µ‡§æ‡§≤‡•á ‡§â‡§§‡•ç‡§§‡§∞‡§æ‡§ñ‡§Ç‡§° ‡§Æ‡•á‡§Ç 16 ‡§ú‡§®‡§µ‡§∞‡•Ä ‡§§‡§ï ‡§∞‡§æ‡§ú‡§®‡•Ä‡§§‡§ø‡§ï ‡§∞‡•à‡§≤‡§ø‡§Ø‡•ã‡§Ç ‡§™‡§∞ ‡§∞‡•ã‡§ï https://t.co/WLI2KfmlQb 
#ECI #StateElections2022 #publiclokpal #plnews",public_lokpal
76,2022-01-08 06:19:06+00:00,1479699164602650628,"‡§Ü‡§ú ‡§¶‡•ã‡§™‡§π‡§∞ 3.30 ‡§¨‡§ú‡•á ‡§§‡§ï ‡§™‡§æ‡§Ç‡§ö ‡§∞‡§æ‡§ú‡•ç‡§Ø‡•ã‡§Ç ‡§ï‡•á ‡§ö‡•Å‡§®‡§æ‡§µ ‡§ï‡§æ‡§∞‡•ç‡§Ø‡§ï‡•ç‡§∞‡§Æ ‡§ï‡•Ä ‡§ò‡•ã‡§∑‡§£‡§æ ‡§ï‡§∞‡•á‡§ó‡§æ ‡§ö‡•Å‡§®‡§æ‡§µ ‡§Ü‡§Ø‡•ã‡§ó  https://t.co/NwSWAV86tW 
#ECI #StateElections2022 #publiclokpal #plnews",public_lokpal
77,2022-01-08 06:16:57+00:00,1479698620060368899,"ECI to announce the schedule for Assembly elections to 3.30pm today https://t.co/EHOtLsJkYg 
#ECI #StateElections2022 #publiclokpal #plnews",public_lokpal
78,2022-01-07 08:41:48+00:00,1479372687306752002,"Supreme Court asks Center and Punjab committees to pause probe in PM security case till Monday https://t.co/pX9CSfq0OZ 
#PMModiSecurityBreach #SupremeCourt #StateElections2022 #publiclokpal #plnews",public_lokpal
79,2022-01-07 08:34:53+00:00,1479370945429082113,"‡§∏‡•ã‡§Æ‡§µ‡§æ‡§∞ ‡§§‡§ï PM ‡§∏‡•Å‡§∞‡§ï‡•ç‡§∑‡§æ ‡§Æ‡§æ‡§Æ‡§≤‡•á ‡§Æ‡•á‡§Ç ‡§∏‡•Å‡§™‡•ç‡§∞‡•Ä‡§Æ ‡§ï‡•ã‡§∞‡•ç‡§ü ‡§®‡•á ‡§ï‡•á‡§Ç‡§¶‡•ç‡§∞ ‡§î‡§∞ ‡§™‡§Ç‡§ú‡§æ‡§¨ ‡§∏‡§Æ‡§ø‡§§‡§ø‡§Ø‡•ã‡§Ç ‡§∏‡•á ‡§ú‡§æ‡§Ç‡§ö ‡§∞‡•ã‡§ï‡§®‡•á ‡§ï‡•ã ‡§ï‡§π‡§æ https://t.co/kyYWV0w9cZ 
#PMModiSecurityBreach #SupremeCourt #StateElections2022 #publiclokpal #plnews",public_lokpal
80,2022-01-07 03:01:23+00:00,1479287017632452608,"‡§ö‡•Å‡§®‡§æ‡§µ ‡§Ü‡§Ø‡•ã‡§ó ‡§®‡•á ‡§µ‡§ø‡§ß‡§æ‡§®‡§∏‡§≠‡§æ ‡§ö‡•Å‡§®‡§æ‡§µ ‡§∏‡•á ‡§™‡§π‡§≤‡•á ‡§â‡§Æ‡•ç‡§Æ‡•Ä‡§¶‡§µ‡§æ‡§∞‡•ã‡§Ç ‡§ï‡•á ‡§≤‡§ø‡§è ‡§ñ‡§∞‡•ç‡§ö ‡§ï‡•Ä ‡§∏‡•Ä‡§Æ‡§æ ‡§¨‡§¢‡§º‡§æ‡§à https://t.co/SzZXNqRscB
#ECI #StateElections2022  #publiclokpal #plnews",public_lokpal
81,2022-01-07 02:57:23+00:00,1479286012257837057,"EC hikes expenditure limits for candidates ahead of Assembly polls https://t.co/z9eHvrrDuK
#ECI #StateElections2022  #publiclokpal #plnews",public_lokpal
82,2022-01-06 14:41:41+00:00,1479100868121141253,"‡§ö‡•Å‡§®‡§æ‡§µ ‡§∏‡•ç‡§•‡§ó‡§ø‡§§ ‡§®‡§π‡•Ä‡§Ç ‡§π‡•ã‡§Ç‡§ó‡•á, ‡§π‡§æ‡§≤‡§æ‡§Å‡§ï‡§ø ‡§Ü‡§Ø‡•ã‡§ó ‡§ï‡§æ ‡§™‡§æ‡§Ç‡§ö‡•ã‡§Ç ‡§∞‡§æ‡§ú‡•ç‡§Ø‡•ã‡§Ç ‡§ï‡•á ‡§∏‡§≠‡•Ä ‡§™‡§æ‡§§‡•ç‡§∞ ‡§≤‡•ã‡§ó‡•ã‡§Ç ‡§ï‡•ã ‡§ü‡•Ä‡§ï‡§æ‡§ï‡§∞‡§£ ‡§ï‡§∞‡§µ‡§æ‡§®‡•á ‡§™‡§∞ ‡§ú‡•ã‡§∞ https://t.co/ftiCYQzfpc 
#StateElections2022 #ECI #publiclokpal #plnews",public_lokpal
83,2022-01-06 14:38:52+00:00,1479100159237578758,"Elections won't be postponed but to all eligible persons get complete vaccination in 5 states https://t.co/oteJRX5Vyn 
#StateElections2022 #ECI #publiclokpal #plnews",public_lokpal
84,2022-01-06 14:05:01+00:00,1479091636923686913,#StateElections2022 https://t.co/NtDKTyLb5t,HashflagArchive
85,2021-12-27 04:00:00+00:00,1475315504097075206,"‡§Ü‡§ú ‡§ö‡•Å‡§®‡§æ‡§µ ‡§Ü‡§Ø‡•ã‡§ó ‡§î‡§∞ ‡§∏‡•ç‡§µ‡§æ‡§∏‡•ç‡§•‡•ç‡§Ø ‡§Æ‡§Ç‡§§‡•ç‡§∞‡§æ‡§≤‡§Ø ‡§ï‡•Ä ‡§Ö‡§π‡§Æ ‡§¨‡•à‡§†‡§ï, ‡§ö‡•Å‡§®‡§æ‡§µ ‡§ï‡•ã ‡§≤‡•á‡§ï‡§∞ ‡§π‡•ã ‡§∏‡§ï‡§§‡•Ä ‡§π‡•à ‡§ï‡•ã‡§à ‡§¨‡§°‡§º‡•Ä ‡§ò‡•ã‡§∑‡§£‡§æ

#ElectionCommission #HealthDepartment #StateElections2022 https://t.co/g3jwp5vAoX",indiatvnews
86,2021-12-27 04:00:00+00:00,1475315502448889856,"‡§Ü‡§ú ‡§ö‡•Å‡§®‡§æ‡§µ ‡§Ü‡§Ø‡•ã‡§ó ‡§î‡§∞ ‡§∏‡•ç‡§µ‡§æ‡§∏‡•ç‡§•‡•ç‡§Ø ‡§Æ‡§Ç‡§§‡•ç‡§∞‡§æ‡§≤‡§Ø ‡§ï‡•Ä ‡§Ö‡§π‡§Æ ‡§¨‡•à‡§†‡§ï, ‡§ö‡•Å‡§®‡§æ‡§µ ‡§ï‡•ã ‡§≤‡•á‡§ï‡§∞ ‡§π‡•ã ‡§∏‡§ï‡§§‡•Ä ‡§π‡•à ‡§ï‡•ã‡§à ‡§¨‡§°‡§º‡•Ä ‡§ò‡•ã‡§∑‡§£‡§æ

#ElectionCommission #HealthDepartment #StateElections2022 https://t.co/NNFCnM6v8E",IndiaTVHindi
87,2021-12-24 02:25:00+00:00,1474204430329282562,"Have state polls derailed govt plans to usher in reforms via Parliament? 

Get the answer in #BSMorningShow #WatchNow https://t.co/b881kZav9N

@5paisa #monsoonsession #parliament #stateelections2022 #businessnews https://t.co/HiqmFSINAl",bsindia
88,2021-12-24 01:00:00+00:00,1474183041597673476,"Have state polls derailed govt plans to usher in reforms via Parliament? 

Find out in #BSMorningShow

@5paisa #parliament #stateelections2022 https://t.co/QtElwi5pxZ",bsindia
89,2021-11-26 02:04:41+00:00,1464052459484041227,"My piece on the Mood of Punjab 
in @the_hindu today.

#Punjab #FarmLawsRepealed #FarmersProtest #StateElections2022 

https://t.co/nR5I770qFX https://t.co/7zIphtrhBt",parakala
90,2021-11-12 05:51:59+00:00,1459036231300304902,The x-factor for BJP in #StateElections2022 is the free ration distribution to poor. I have not see. opposition parties disputing this claim of BJP.,politicalbaaba
